scenario,level,tds,ph,turbidity,locality,tank_count,hour,time_of_day,availability,softness,ph_state,st_action,st_cost,qi_action,qi_cost,savings
1,53,610,8.98,26,complex,1,14,normal,medium,hard,alkaline,pump_softener,0.26,pump_softener,0.26,0.0
2,38,572,8.97,25,complex,3,14,normal,medium,hard,alkaline,pump_softener,0.39,pump_softener,0.39,0.0
3,26,1163,6.2,14,urban,1,14,normal,low,hard,acidic,pump_softener,2.4,pump_softener,2.4,0.0
4,27,219,6.42,32,urban,1,14,normal,low,moderate,acidic,pump_softener,10.4,pump_softener,10.4,0.0
5,49,1475,5.13,28,college,3,14,normal,medium,hard,acidic,pump_softener,3.06,pump_softener,3.06,0.0
6,25,1386,4.65,43,house,1,14,normal,low,hard,acidic,pump_softener,1.2,pump_softener,1.2,0.0
7,94,760,5.96,31,complex,5,14,normal,high,hard,acidic,pump_softener,3.12,pump_softener,3.12,0.0
8,80,1785,7.2,48,house,5,14,normal,high,hard,neutral,pump_softener,-1.6,pump_softener,-1.6,0.0
9,93,1597,4.75,46,complex,5,14,normal,high,hard,acidic,pump_softener,3.12,pump_softener,3.12,0.0
10,90,1677,6.28,21,urban,3,14,normal,high,hard,acidic,pump_softener,3.6,pump_softener,3.6,0.0
11,89,444,8.36,11,house,4,14,normal,high,hard,alkaline,pump_softener,0.36,pump_softener,0.36,0.0
12,59,798,8.11,40,urban,2,14,normal,medium,hard,alkaline,pump_softener,0.48,pump_softener,0.48,0.0
13,78,441,6.43,6,college,5,14,normal,high,hard,acidic,pump_softener,4.08,pump_softener,4.08,0.0
14,35,740,8.98,17,urban,2,14,normal,medium,hard,alkaline,pump_softener,0.48,pump_softener,0.48,0.0
15,80,1969,7.83,14,college,1,14,normal,high,hard,alkaline,pump_softener,0.34,pump_softener,0.34,0.0
16,58,517,6.48,46,complex,3,14,normal,medium,hard,acidic,pump_softener,2.34,pump_softener,2.34,0.0
17,53,769,8.11,18,complex,2,14,normal,medium,hard,alkaline,pump_softener,0.312,pump_softener,0.312,0.0
18,59,1012,7.77,15,house,1,14,normal,medium,hard,alkaline,pump_softener,0.2,pump_softener,0.2,0.0
19,23,957,5.49,19,complex,4,14,normal,low,hard,acidic,pump_softener,2.808,pump_softener,2.808,0.0
20,61,1092,4.41,42,complex,4,14,normal,medium,hard,acidic,pump_softener,2.808,pump_softener,2.808,0.0
21,49,809,7.51,23,college,4,14,normal,medium,hard,alkaline,pump_softener,0.612,pump_softener,0.612,0.0
22,42,572,7.46,48,house,4,14,normal,medium,hard,neutral,pump_softener,-1.44,pump_softener,-1.44,0.0
23,30,1467,8.11,35,college,2,14,normal,medium,hard,alkaline,pump_softener,0.408,pump_softener,0.408,0.0
24,46,307,8.63,25,urban,3,14,normal,medium,hard,alkaline,pump_softener,0.6,pump_softener,0.6,0.0
25,46,1471,5.68,15,college,2,14,normal,medium,hard,acidic,pump_softener,2.448,pump_softener,2.448,0.0
26,94,1133,6.53,35,house,3,14,normal,high,hard,neutral,pump_softener,-1.2,pump_softener,-1.2,0.0
27,69,1200,5.0,23,house,5,14,normal,medium,hard,acidic,pump_softener,2.4,pump_softener,2.4,0.0
28,40,1762,4.38,50,house,3,14,normal,medium,hard,acidic,pump_softener,1.8,pump_softener,1.8,0.0
29,22,770,7.71,37,house,1,14,normal,low,hard,alkaline,pump_softener,0.2,pump_softener,0.2,0.0
30,70,308,5.76,35,complex,5,14,normal,high,hard,acidic,pump_softener,3.12,pump_softener,3.12,0.0
31,10,1497,4.63,25,college,5,14,normal,low,hard,acidic,pump_softener,4.08,pump_softener,4.08,0.0
32,66,1297,4.23,43,house,3,14,normal,medium,hard,acidic,pump_softener,1.8,pump_softener,1.8,0.0
33,45,106,6.86,44,house,1,14,normal,medium,soft,neutral,pump_on,6.2,pump_softener,5.2,1.0
34,63,1234,5.7,34,complex,2,14,normal,medium,hard,acidic,pump_softener,1.872,pump_softener,1.872,0.0
35,67,154,7.25,12,urban,3,14,normal,medium,softened,neutral,pump_on,18.6,pump_off,18.0,0.6
36,18,319,5.79,43,urban,2,14,normal,low,hard,acidic,pump_softener,2.88,pump_softener,2.88,0.0
37,79,138,8.69,31,urban,2,14,normal,high,softened,alkaline,pump_on,31.68,pump_off,9.6,22.08
38,84,1094,8.12,37,complex,1,14,normal,high,hard,alkaline,pump_softener,0.26,pump_softener,0.26,0.0
39,37,131,5.97,44,complex,2,14,normal,medium,softened,acidic,pump_on,14.352,pump_off,9.36,4.992
40,23,1409,7.79,7,college,4,14,normal,low,hard,alkaline,pump_softener,0.612,pump_softener,0.612,0.0
41,45,861,6.41,39,complex,2,14,normal,medium,hard,acidic,pump_softener,1.872,pump_softener,1.872,0.0
42,63,475,7.96,24,house,4,14,normal,medium,hard,alkaline,pump_softener,0.36,pump_softener,0.36,0.0
43,69,140,8.34,10,house,1,14,normal,medium,softened,alkaline,pump_on,8.2,pump_off,6.0,2.2
44,69,258,8.4,37,house,4,14,normal,medium,moderate,alkaline,pump_on,20.16,pump_softener,7.56,12.6
45,10,1032,7.15,35,house,2,14,normal,low,hard,neutral,pump_softener,-0.96,pump_softener,-0.96,0.0
46,14,1430,7.36,15,college,2,14,normal,low,hard,neutral,pump_softener,-1.632,pump_softener,-1.632,0.0
47,44,1072,6.11,40,complex,5,14,normal,medium,hard,acidic,pump_softener,3.12,pump_softener,3.12,0.0
48,83,727,5.66,8,urban,3,14,normal,high,hard,acidic,pump_softener,3.6,pump_softener,3.6,0.0
49,22,1596,6.12,38,urban,3,14,normal,low,hard,acidic,pump_softener,3.6,pump_softener,3.6,0.0
50,72,315,4.9,44,house,2,14,normal,high,hard,acidic,pump_softener,1.44,pump_softener,1.44,0.0
51,53,1865,4.26,42,house,5,14,normal,medium,hard,acidic,pump_softener,2.4,pump_softener,2.4,0.0
52,61,452,4.54,28,urban,5,14,normal,medium,hard,acidic,pump_softener,4.8,pump_softener,4.8,0.0
53,78,1510,8.52,31,college,2,14,normal,high,hard,alkaline,pump_softener,0.408,pump_softener,0.408,0.0
54,43,180,4.55,11,house,2,14,normal,medium,softened,acidic,pump_on,11.04,pump_off,7.2,3.84
55,11,1819,4.48,50,complex,1,14,normal,low,hard,acidic,pump_softener,1.56,pump_softener,1.56,0.0
56,44,1081,5.28,10,house,2,14,normal,medium,hard,acidic,pump_softener,1.44,pump_softener,1.44,0.0
57,79,1861,7.42,33,college,1,14,normal,high,hard,neutral,pump_softener,-1.36,pump_softener,-1.36,0.0
58,39,1136,6.15,36,complex,4,14,normal,medium,hard,acidic,pump_softener,2.808,pump_softener,2.808,0.0
59,16,1284,7.77,21,urban,1,14,normal,low,hard,alkaline,pump_softener,0.4,pump_softener,0.4,0.0
60,67,516,6.77,23,college,1,14,normal,medium,hard,neutral,pump_softener,-1.36,pump_softener,-1.36,0.0
61,20,955,8.18,22,complex,3,14,normal,low,hard,alkaline,pump_softener,0.39,pump_softener,0.39,0.0
62,10,273,5.66,28,urban,5,14,normal,low,moderate,acidic,pump_softener,20.8,pump_softener,20.8,0.0
63,43,1219,8.13,23,urban,3,14,normal,medium,hard,alkaline,pump_softener,0.6,pump_softener,0.6,0.0
64,85,1439,5.47,27,college,2,14,normal,high,hard,acidic,pump_softener,2.448,pump_softener,2.448,0.0
65,14,1168,6.33,11,house,3,14,normal,low,hard,acidic,pump_softener,1.8,pump_softener,1.8,0.0
66,23,469,7.99,47,urban,5,14,normal,low,hard,alkaline,pump_softener,0.8,pump_softener,0.8,0.0
67,85,904,4.39,39,complex,3,14,normal,high,hard,acidic,pump_softener,2.34,pump_softener,2.34,0.0
68,46,1736,5.26,29,complex,2,14,normal,medium,hard,acidic,pump_softener,1.872,pump_softener,1.872,0.0
69,86,560,7.46,7,urban,4,14,normal,high,hard,neutral,pump_softener,-2.88,pump_softener,-2.88,0.0
70,14,1523,8.67,11,complex,1,14,normal,low,hard,alkaline,pump_softener,0.26,pump_softener,0.26,0.0
71,34,768,5.01,10,college,1,14,normal,medium,hard,acidic,pump_softener,2.04,pump_softener,2.04,0.0
72,77,1273,7.1,12,urban,2,14,normal,high,hard,neutral,pump_softener,-1.92,pump_softener,-1.92,0.0
73,12,489,8.12,20,house,1,14,normal,low,hard,alkaline,pump_softener,0.2,pump_softener,0.2,0.0
74,60,340,5.29,10,college,4,14,normal,medium,hard,acidic,pump_softener,3.672,pump_softener,3.672,0.0
75,75,743,6.88,41,college,2,14,normal,high,hard,neutral,pump_softener,-1.632,pump_softener,-1.632,0.0
76,39,563,8.46,29,urban,3,14,normal,medium,hard,alkaline,pump_softener,0.6,pump_softener,0.6,0.0
77,38,264,8.94,20,urban,5,14,normal,medium,moderate,alkaline,pump_on,44.8,pump_softener,16.8,28.0
78,30,1722,4.8,9,urban,4,14,normal,medium,hard,acidic,pump_softener,4.32,pump_softener,4.32,0.0
79,42,1767,6.48,35,complex,4,14,normal,medium,hard,acidic,pump_softener,2.808,pump_softener,2.808,0.0
80,43,888,6.88,19,urban,4,14,normal,medium,hard,neutral,pump_softener,-2.88,pump_softener,-2.88,0.0
81,77,1064,8.77,35,urban,2,14,normal,high,hard,alkaline,pump_softener,0.48,pump_softener,0.48,0.0
82,72,757,8.21,36,urban,3,14,normal,high,hard,alkaline,pump_softener,0.6,pump_softener,0.6,0.0
83,20,1713,7.37,8,college,3,14,normal,low,hard,neutral,pump_softener,-2.04,pump_softener,-2.04,0.0
84,31,1932,6.81,38,college,2,14,normal,medium,hard,neutral,pump_softener,-1.632,pump_softener,-1.632,0.0
85,80,549,5.63,23,college,3,14,normal,high,hard,acidic,pump_softener,3.06,pump_softener,3.06,0.0
86,52,500,8.84,21,college,4,14,normal,medium,hard,alkaline,pump_softener,0.612,pump_softener,0.612,0.0
87,28,1403,5.82,50,house,2,14,normal,low,hard,acidic,pump_softener,1.44,pump_softener,1.44,0.0
88,37,146,8.7,5,urban,1,14,normal,medium,softened,alkaline,pump_on,16.4,pump_off,12.0,4.4
89,46,446,6.57,6,complex,4,14,normal,medium,hard,neutral,pump_softener,-1.872,pump_softener,-1.872,0.0
90,59,552,7.61,48,complex,5,14,normal,medium,hard,alkaline,pump_softener,0.52,pump_softener,0.52,0.0
91,18,304,6.99,14,complex,2,14,normal,low,hard,neutral,pump_softener,-1.248,pump_softener,-1.248,0.0
92,25,1210,6.45,47,college,2,14,normal,low,hard,acidic,pump_softener,2.448,pump_softener,2.448,0.0
93,83,1305,7.55,11,urban,5,14,normal,high,hard,alkaline,pump_softener,0.8,pump_softener,0.8,0.0
94,76,811,7.4,16,complex,5,14,normal,high,hard,neutral,pump_softener,-2.08,pump_softener,-2.08,0.0
95,27,1633,5.2,45,house,1,14,normal,low,hard,acidic,pump_softener,1.2,pump_softener,1.2,0.0
96,61,884,8.71,30,complex,4,14,normal,medium,hard,alkaline,pump_softener,0.468,pump_softener,0.468,0.0
97,69,1906,6.34,28,college,1,14,normal,medium,hard,acidic,pump_softener,2.04,pump_softener,2.04,0.0
98,39,521,7.37,22,complex,1,14,normal,medium,hard,neutral,pump_softener,-1.04,pump_softener,-1.04,0.0
99,49,1847,6.59,27,college,4,14,normal,medium,hard,neutral,pump_softener,-2.448,pump_softener,-2.448,0.0
100,21,1302,7.83,20,house,3,14,normal,low,hard,alkaline,pump_softener,0.3,pump_softener,0.3,0.0
101,85,1065,8.36,17,complex,5,14,normal,high,hard,alkaline,pump_softener,0.52,pump_softener,0.52,0.0
102,16,1085,5.5,7,urban,1,14,normal,low,hard,acidic,pump_softener,2.4,pump_softener,2.4,0.0
103,92,635,7.58,32,house,1,14,normal,high,hard,alkaline,pump_softener,0.2,pump_softener,0.2,0.0
104,13,77,6.74,37,complex,3,14,normal,low,soft,neutral,pump_on,6.24,pump_on,6.24,0.0
105,70,1983,4.87,12,complex,5,14,normal,high,hard,acidic,pump_softener,3.12,pump_softener,3.12,0.0
106,18,293,6.16,23,urban,1,14,normal,low,moderate,acidic,pump_softener,10.4,pump_softener,10.4,0.0
107,54,133,6.46,46,house,5,14,normal,medium,softened,acidic,pump_on,18.4,pump_off,12.0,6.4
108,28,1683,8.67,19,house,1,14,normal,low,hard,alkaline,pump_softener,0.2,pump_softener,0.2,0.0
109,62,638,7.93,11,house,5,14,normal,medium,hard,alkaline,pump_softener,0.4,pump_softener,0.4,0.0
110,45,321,4.9,11,complex,3,14,normal,medium,hard,acidic,pump_softener,2.34,pump_softener,2.34,0.0
111,70,575,4.41,38,college,3,14,normal,high,hard,acidic,pump_softener,3.06,pump_softener,3.06,0.0
112,77,441,7.28,32,complex,4,14,normal,high,hard,neutral,pump_softener,-1.872,pump_softener,-1.872,0.0
113,35,1662,7.6,7,college,2,14,normal,medium,hard,alkaline,pump_softener,0.408,pump_softener,0.408,0.0
114,40,1425,5.39,32,house,4,14,normal,medium,hard,acidic,pump_softener,2.16,pump_softener,2.16,0.0
115,50,321,8.99,24,college,5,14,normal,medium,hard,alkaline,pump_softener,0.68,pump_softener,0.68,0.0
116,56,1784,7.82,31,college,1,14,normal,medium,hard,alkaline,pump_softener,0.34,pump_softener,0.34,0.0
117,94,842,8.55,14,house,4,14,normal,high,hard,alkaline,pump_softener,0.36,pump_softener,0.36,0.0
118,94,1373,6.85,37,urban,2,14,normal,high,hard,neutral,pump_softener,-1.92,pump_softener,-1.92,0.0
119,29,280,4.37,17,college,2,14,normal,low,moderate,acidic,pump_softener,10.608,pump_softener,10.608,0.0
120,48,556,4.86,21,urban,4,14,normal,medium,hard,acidic,pump_softener,4.32,pump_softener,4.32,0.0
121,55,1009,4.98,40,urban,2,14,normal,medium,hard,acidic,pump_softener,2.88,pump_softener,2.88,0.0
122,36,1257,7.83,39,urban,5,14,normal,medium,hard,alkaline,pump_softener,0.8,pump_softener,0.8,0.0
123,24,1674,5.4,32,house,5,14,normal,low,hard,acidic,pump_softener,2.4,pump_softener,2.4,0.0
124,84,100,8.74,12,house,5,14,normal,high,soft,alkaline,pump_on,26.4,pump_off,8.0,18.4
125,36,226,4.02,33,complex,2,14,normal,medium,moderate,acidic,pump_on,19.032,pump_softener,8.112,10.92
126,85,897,7.15,15,urban,2,14,normal,high,hard,neutral,pump_softener,-1.92,pump_softener,-1.92,0.0
127,35,1133,5.45,37,college,5,14,normal,medium,hard,acidic,pump_softener,4.08,pump_softener,4.08,0.0
128,27,864,7.1,30,urban,4,14,normal,low,hard,neutral,pump_softener,-2.88,pump_softener,-2.88,0.0
129,10,889,7.74,43,house,4,14,normal,low,hard,alkaline,pump_softener,0.36,pump_softener,0.36,0.0
130,93,1299,6.93,38,house,3,14,normal,high,hard,neutral,pump_softener,-1.2,pump_softener,-1.2,0.0
131,35,113,7.21,39,urban,3,14,normal,medium,soft,neutral,pump_on,18.6,pump_softener,15.6,3.0
132,54,1522,7.79,26,college,5,14,normal,medium,hard,alkaline,pump_softener,0.68,pump_softener,0.68,0.0
133,46,1767,4.38,45,college,2,14,normal,medium,hard,acidic,pump_softener,2.448,pump_softener,2.448,0.0
134,27,1470,6.2,33,urban,2,14,normal,low,hard,acidic,pump_softener,2.88,pump_softener,2.88,0.0
135,19,1874,4.75,49,house,2,14,normal,low,hard,acidic,pump_softener,1.44,pump_softener,1.44,0.0
136,46,570,7.73,44,complex,2,14,normal,medium,hard,alkaline,pump_softener,0.312,pump_softener,0.312,0.0
137,20,689,8.8,44,complex,3,14,normal,low,hard,alkaline,pump_softener,0.39,pump_softener,0.39,0.0
138,28,1794,5.82,43,house,1,14,normal,low,hard,acidic,pump_softener,1.2,pump_softener,1.2,0.0
139,41,876,5.11,8,college,4,14,normal,medium,hard,acidic,pump_softener,3.672,pump_softener,3.672,0.0
140,30,585,6.67,37,complex,2,14,normal,medium,hard,neutral,pump_softener,-1.248,pump_softener,-1.248,0.0
141,55,1085,6.49,46,urban,5,14,normal,medium,hard,acidic,pump_softener,4.8,pump_softener,4.8,0.0
142,28,332,4.31,23,college,3,14,normal,low,hard,acidic,pump_softener,3.06,pump_softener,3.06,0.0
143,59,31,8.3,7,college,2,14,normal,medium,soft,alkaline,pump_on,16.728,pump_off,12.24,4.488
144,30,323,4.7,10,urban,4,14,normal,medium,hard,acidic,pump_softener,4.32,pump_softener,4.32,0.0
145,37,1588,5.19,17,urban,3,14,normal,medium,hard,acidic,pump_softener,3.6,pump_softener,3.6,0.0
146,55,966,6.01,40,house,5,14,normal,medium,hard,acidic,pump_softener,2.4,pump_softener,2.4,0.0
147,37,879,7.0,13,college,1,14,normal,medium,hard,neutral,pump_softener,-1.36,pump_softener,-1.36,0.0
148,60,1505,6.16,5,college,3,14,normal,medium,hard,acidic,pump_softener,3.06,pump_softener,3.06,0.0
149,57,1563,7.41,42,college,5,14,normal,medium,hard,neutral,pump_softener,-2.72,pump_softener,-2.72,0.0
150,61,1888,6.99,7,urban,1,14,normal,medium,hard,neutral,pump_softener,-1.6,pump_softener,-1.6,0.0
151,89,347,8.15,19,college,2,14,normal,high,hard,alkaline,pump_softener,0.408,pump_softener,0.408,0.0
152,24,1124,4.7,45,house,4,14,normal,low,hard,acidic,pump_softener,2.16,pump_softener,2.16,0.0
153,70,1957,8.88,48,house,1,14,normal,high,hard,alkaline,pump_softener,0.2,pump_softener,0.2,0.0
154,14,235,8.86,33,complex,1,14,normal,low,moderate,alkaline,pump_softener,5.46,pump_softener,5.46,0.0
155,88,1383,5.16,18,college,1,14,normal,high,hard,acidic,pump_softener,2.04,pump_softener,2.04,0.0
156,20,128,6.11,17,house,3,14,normal,low,softened,acidic,pump_on,9.3,pump_on,9.3,0.0
157,71,482,4.06,17,college,1,14,normal,high,hard,acidic,pump_softener,2.04,pump_softener,2.04,0.0
158,45,1390,5.49,38,college,5,14,normal,medium,hard,acidic,pump_softener,4.08,pump_softener,4.08,0.0
159,36,897,6.71,22,college,3,14,normal,medium,hard,neutral,pump_softener,-2.04,pump_softener,-2.04,0.0
160,56,1627,6.02,23,urban,2,14,normal,medium,hard,acidic,pump_softener,2.88,pump_softener,2.88,0.0
161,45,654,7.21,44,college,2,14,normal,medium,hard,neutral,pump_softener,-1.632,pump_softener,-1.632,0.0
162,28,663,8.8,7,urban,4,14,normal,low,hard,alkaline,pump_softener,0.72,pump_softener,0.72,0.0
163,27,301,7.69,40,college,4,14,normal,low,hard,alkaline,pump_softener,0.612,pump_softener,0.612,0.0
164,33,172,7.17,10,urban,5,14,normal,medium,softened,neutral,pump_on,24.8,pump_off,24.0,0.8
165,12,55,6.46,33,urban,5,14,normal,low,soft,acidic,pump_on,24.8,pump_on,24.8,0.0
166,43,788,4.7,32,college,4,14,normal,medium,hard,acidic,pump_softener,3.672,pump_softener,3.672,0.0
167,88,1588,7.09,43,complex,3,14,normal,high,hard,neutral,pump_softener,-1.56,pump_softener,-1.56,0.0
168,11,1456,6.48,45,urban,4,14,normal,low,hard,acidic,pump_softener,4.32,pump_softener,4.32,0.0
169,12,131,8.26,7,house,5,14,normal,low,softened,alkaline,pump_on,10.4,pump_on,10.4,0.0
170,13,752,8.16,27,house,1,14,normal,low,hard,alkaline,pump_softener,0.2,pump_softener,0.2,0.0
171,16,709,7.69,19,house,3,14,normal,low,hard,alkaline,pump_softener,0.3,pump_softener,0.3,0.0
172,91,1454,7.85,43,urban,1,14,normal,high,hard,alkaline,pump_softener,0.4,pump_softener,0.4,0.0
173,19,1657,5.43,38,urban,1,14,normal,low,hard,acidic,pump_softener,2.4,pump_softener,2.4,0.0
174,60,627,6.49,10,house,2,14,normal,medium,hard,acidic,pump_softener,1.44,pump_softener,1.44,0.0
175,27,1858,8.11,19,complex,2,14,normal,low,hard,alkaline,pump_softener,0.312,pump_softener,0.312,0.0
176,65,1594,5.97,37,complex,1,14,normal,medium,hard,acidic,pump_softener,1.56,pump_softener,1.56,0.0
177,29,990,8.46,34,complex,3,14,normal,low,hard,alkaline,pump_softener,0.39,pump_softener,0.39,0.0
178,80,1082,6.88,11,complex,4,14,normal,high,hard,neutral,pump_softener,-1.872,pump_softener,-1.872,0.0
179,88,408,8.58,27,complex,4,14,normal,high,hard,alkaline,pump_softener,0.468,pump_softener,0.468,0.0
180,37,1718,4.53,11,complex,3,14,normal,medium,hard,acidic,pump_softener,2.34,pump_softener,2.34,0.0
181,61,1441,6.39,42,urban,1,14,normal,medium,hard,acidic,pump_softener,2.4,pump_softener,2.4,0.0
182,21,718,8.49,38,complex,1,14,normal,low,hard,alkaline,pump_softener,0.26,pump_softener,0.26,0.0
183,48,1451,8.83,49,urban,1,14,normal,medium,hard,alkaline,pump_softener,0.4,pump_softener,0.4,0.0
184,42,390,4.37,50,house,1,14,normal,medium,hard,acidic,pump_softener,1.2,pump_softener,1.2,0.0
185,10,1346,6.4,25,complex,1,14,normal,low,hard,acidic,pump_softener,1.56,pump_softener,1.56,0.0
186,22,766,7.37,21,urban,2,14,normal,low,hard,neutral,pump_softener,-1.92,pump_softener,-1.92,0.0
187,27,1910,8.27,29,college,5,14,normal,low,hard,alkaline,pump_softener,0.68,pump_softener,0.68,0.0
188,54,100,4.33,41,college,1,14,normal,medium,soft,acidic,pump_on,15.64,pump_off,10.2,5.44
189,36,542,5.95,21,college,2,14,normal,medium,hard,acidic,pump_softener,2.448,pump_softener,2.448,0.0
190,92,125,8.52,30,college,4,14,normal,high,softened,alkaline,pump_on,40.392,pump_off,12.24,28.152
191,80,1941,7.18,15,complex,5,14,normal,high,hard,neutral,pump_softener,-2.08,pump_softener,-2.08,0.0
192,80,1180,4.07,25,house,2,14,normal,high,hard,acidic,pump_softener,1.44,pump_softener,1.44,0.0
193,34,297,5.55,39,college,4,14,normal,medium,moderate,acidic,pump_on,37.332,pump_softener,15.912,21.42
194,30,69,4.12,6,complex,2,14,normal,medium,soft,acidic,pump_on,14.352,pump_off,9.36,4.992
195,59,798,8.2,31,house,1,14,normal,medium,hard,alkaline,pump_softener,0.2,pump_softener,0.2,0.0
196,91,972,6.82,16,complex,2,14,normal,high,hard,neutral,pump_softener,-1.248,pump_softener,-1.248,0.0
197,29,402,5.39,27,urban,1,14,normal,low,hard,acidic,pump_softener,2.4,pump_softener,2.4,0.0
198,62,1658,4.04,17,complex,3,14,normal,medium,hard,acidic,pump_softener,2.34,pump_softener,2.34,0.0
199,35,799,5.62,36,college,1,14,normal,medium,hard,acidic,pump_softener,2.04,pump_softener,2.04,0.0
200,65,1080,4.26,29,complex,2,14,normal,medium,hard,acidic,pump_softener,1.872,pump_softener,1.872,0.0
201,50,1752,4.47,8,college,2,14,normal,medium,hard,acidic,pump_softener,2.448,pump_softener,2.448,0.0
202,91,674,4.8,44,complex,4,14,normal,high,hard,acidic,pump_softener,2.808,pump_softener,2.808,0.0
203,89,1961,6.68,12,urban,2,14,normal,high,hard,neutral,pump_softener,-1.92,pump_softener,-1.92,0.0
204,45,920,4.3,43,complex,4,14,normal,medium,hard,acidic,pump_softener,2.808,pump_softener,2.808,0.0
205,91,1288,5.29,38,college,4,14,normal,high,hard,acidic,pump_softener,3.672,pump_softener,3.672,0.0
206,94,1684,6.03,10,urban,2,14,normal,high,hard,acidic,pump_softener,2.88,pump_softener,2.88,0.0
207,94,1299,5.47,42,urban,5,14,normal,high,hard,acidic,pump_softener,4.8,pump_softener,4.8,0.0
208,44,1057,6.73,5,house,5,14,normal,medium,hard,neutral,pump_softener,-1.6,pump_softener,-1.6,0.0
209,83,943,5.95,45,complex,5,14,normal,high,hard,acidic,pump_softener,3.12,pump_softener,3.12,0.0
210,46,111,6.89,32,college,3,14,normal,medium,soft,neutral,pump_on,15.81,pump_softener,13.26,2.55
211,33,94,5.16,29,urban,1,14,normal,medium,soft,acidic,pump_on,18.4,pump_off,12.0,6.4
212,84,1657,4.76,39,house,4,14,normal,high,hard,acidic,pump_softener,2.16,pump_softener,2.16,0.0
213,94,1533,7.07,6,college,2,14,normal,high,hard,neutral,pump_softener,-1.632,pump_softener,-1.632,0.0
214,88,875,5.28,15,college,1,14,normal,high,hard,acidic,pump_softener,2.04,pump_softener,2.04,0.0
215,84,751,5.59,45,urban,3,14,normal,high,hard,acidic,pump_softener,3.6,pump_softener,3.6,0.0
216,92,461,8.58,30,complex,5,14,normal,high,hard,alkaline,pump_softener,0.52,pump_softener,0.52,0.0
217,86,1305,6.02,31,urban,4,14,normal,high,hard,acidic,pump_softener,4.32,pump_softener,4.32,0.0
218,11,1282,5.86,43,complex,2,14,normal,low,hard,acidic,pump_softener,1.872,pump_softener,1.872,0.0
219,43,589,5.12,40,complex,5,14,normal,medium,hard,acidic,pump_softener,3.12,pump_softener,3.12,0.0
220,41,1189,8.8,24,house,5,14,normal,medium,hard,alkaline,pump_softener,0.4,pump_softener,0.4,0.0
221,37,1059,8.68,32,college,5,14,normal,medium,hard,alkaline,pump_softener,0.68,pump_softener,0.68,0.0
222,89,1976,5.14,11,urban,4,14,normal,high,hard,acidic,pump_softener,4.32,pump_softener,4.32,0.0
223,93,1307,8.0,19,college,5,14,normal,high,hard,alkaline,pump_softener,0.68,pump_softener,0.68,0.0
224,47,1174,5.48,31,college,3,14,normal,medium,hard,acidic,pump_softener,3.06,pump_softener,3.06,0.0
225,61,1844,8.75,48,house,2,14,normal,medium,hard,alkaline,pump_softener,0.24,pump_softener,0.24,0.0
226,35,1968,6.74,15,complex,3,14,normal,medium,hard,neutral,pump_softener,-1.56,pump_softener,-1.56,0.0
227,50,675,8.25,7,urban,3,14,normal,medium,hard,alkaline,pump_softener,0.6,pump_softener,0.6,0.0
228,51,930,5.67,26,complex,1,14,normal,medium,hard,acidic,pump_softener,1.56,pump_softener,1.56,0.0
229,43,1822,8.75,48,house,1,14,normal,medium,hard,alkaline,pump_softener,0.2,pump_softener,0.2,0.0
230,39,1100,8.95,49,urban,4,14,normal,medium,hard,alkaline,pump_softener,0.72,pump_softener,0.72,0.0
231,38,381,6.18,44,house,2,14,normal,medium,hard,acidic,pump_softener,1.44,pump_softener,1.44,0.0
232,45,455,8.67,22,complex,4,14,normal,medium,hard,alkaline,pump_softener,0.468,pump_softener,0.468,0.0
233,83,1012,4.12,29,house,2,14,normal,high,hard,acidic,pump_softener,1.44,pump_softener,1.44,0.0
234,95,1777,7.44,17,house,5,14,normal,high,hard,neutral,pump_softener,-1.6,pump_softener,-1.6,0.0
235,16,1362,6.18,12,complex,3,14,normal,low,hard,acidic,pump_softener,2.34,pump_softener,2.34,0.0
236,66,772,8.73,38,house,5,14,normal,medium,hard,alkaline,pump_softener,0.4,pump_softener,0.4,0.0
237,30,1123,7.01,36,house,5,14,normal,medium,hard,neutral,pump_softener,-1.6,pump_softener,-1.6,0.0
238,23,1180,4.24,8,urban,5,14,normal,low,hard,acidic,pump_softener,4.8,pump_softener,4.8,0.0
239,33,1563,4.1,46,house,2,14,normal,medium,hard,acidic,pump_softener,1.44,pump_softener,1.44,0.0
240,62,849,7.02,13,house,5,14,normal,medium,hard,neutral,pump_softener,-1.6,pump_softener,-1.6,0.0
241,56,1104,5.78,29,urban,1,14,normal,medium,hard,acidic,pump_softener,2.4,pump_softener,2.4,0.0
242,51,1757,6.74,19,house,2,14,normal,medium,hard,neutral,pump_softener,-0.96,pump_softener,-0.96,0.0
243,63,920,8.03,40,college,5,14,normal,medium,hard,alkaline,pump_softener,0.68,pump_softener,0.68,0.0
244,41,807,6.29,21,house,4,14,normal,medium,hard,acidic,pump_softener,2.16,pump_softener,2.16,0.0
245,11,1074,7.73,16,house,3,14,normal,low,hard,alkaline,pump_softener,0.3,pump_softener,0.3,0.0
246,67,1627,5.11,31,college,4,14,normal,medium,hard,acidic,pump_softener,3.672,pump_softener,3.672,0.0
247,14,1991,7.05,16,urban,1,14,normal,low,hard,neutral,pump_softener,-1.6,pump_softener,-1.6,0.0
248,25,951,8.41,29,complex,2,14,normal,low,hard,alkaline,pump_softener,0.312,pump_softener,0.312,0.0
249,48,1572,5.63,36,college,5,14,normal,medium,hard,acidic,pump_softener,4.08,pump_softener,4.08,0.0
250,74,1107,4.51,39,house,5,14,normal,high,hard,acidic,pump_softener,2.4,pump_softener,2.4,0.0
251,42,1006,5.98,27,college,4,14,normal,medium,hard,acidic,pump_softener,3.672,pump_softener,3.672,0.0
252,83,1282,6.1,9,house,5,14,normal,high,hard,acidic,pump_softener,2.4,pump_softener,2.4,0.0
253,43,1409,8.46,46,house,4,14,normal,medium,hard,alkaline,pump_softener,0.36,pump_softener,0.36,0.0
254,84,1151,6.32,7,college,1,14,normal,high,hard,acidic,pump_softener,2.04,pump_softener,2.04,0.0
255,71,953,4.95,6,urban,4,14,normal,high,hard,acidic,pump_softener,4.32,pump_softener,4.32,0.0
256,69,1318,6.23,21,complex,4,14,normal,medium,hard,acidic,pump_softener,2.808,pump_softener,2.808,0.0
257,86,598,6.23,42,complex,2,14,normal,high,hard,acidic,pump_softener,1.872,pump_softener,1.872,0.0
258,44,389,8.58,14,college,2,14,normal,medium,hard,alkaline,pump_softener,0.408,pump_softener,0.408,0.0
259,30,289,4.31,27,complex,2,14,normal,medium,moderate,acidic,pump_on,19.032,pump_softener,8.112,10.92
260,91,889,6.61,9,house,1,14,normal,high,hard,neutral,pump_softener,-0.8,pump_softener,-0.8,0.0
261,82,773,4.31,37,house,1,14,normal,high,hard,acidic,pump_softener,1.2,pump_softener,1.2,0.0
262,39,1166,6.68,27,college,3,14,normal,medium,hard,neutral,pump_softener,-2.04,pump_softener,-2.04,0.0
263,38,665,6.6,29,college,1,14,normal,medium,hard,neutral,pump_softener,-1.36,pump_softener,-1.36,0.0
264,56,768,8.85,21,college,1,14,normal,medium,hard,alkaline,pump_softener,0.34,pump_softener,0.34,0.0
265,88,1919,6.47,43,house,4,14,normal,high,hard,acidic,pump_softener,2.16,pump_softener,2.16,0.0
266,70,968,4.78,16,urban,3,14,normal,high,hard,acidic,pump_softener,3.6,pump_softener,3.6,0.0
267,73,678,5.96,50,complex,2,14,normal,high,hard,acidic,pump_softener,1.872,pump_softener,1.872,0.0
268,65,154,6.09,49,college,2,14,normal,medium,softened,acidic,pump_on,18.768,pump_off,12.24,6.528
269,69,53,7.07,7,complex,2,14,normal,medium,soft,neutral,pump_on,9.672,pump_softener,8.112,1.56
270,67,1687,8.02,40,college,3,14,normal,medium,hard,alkaline,pump_softener,0.51,pump_softener,0.51,0.0
271,72,1018,7.73,12,complex,2,14,normal,high,hard,alkaline,pump_softener,0.312,pump_softener,0.312,0.0
272,88,1947,5.03,27,college,5,14,normal,high,hard,acidic,pump_softener,4.08,pump_softener,4.08,0.0
273,33,182,4.75,9,urban,4,14,normal,medium,softened,acidic,pump_on,33.12,pump_off,21.6,11.52
274,90,1858,7.83,20,urban,4,14,normal,high,hard,alkaline,pump_softener,0.72,pump_softener,0.72,0.0
275,33,829,7.91,13,complex,4,14,normal,medium,hard,alkaline,pump_softener,0.468,pump_softener,0.468,0.0
276,16,1825,8.83,46,house,3,14,normal,low,hard,alkaline,pump_softener,0.3,pump_softener,0.3,0.0
277,86,292,8.33,41,college,4,14,normal,high,moderate,alkaline,pump_on,49.572,pump_off,12.24,37.332
278,93,1961,6.65,12,college,5,14,normal,high,hard,neutral,pump_softener,-2.72,pump_softener,-2.72,0.0
279,85,1827,7.47,45,urban,4,14,normal,high,hard,neutral,pump_softener,-2.88,pump_softener,-2.88,0.0
280,60,459,4.31,41,college,3,14,normal,medium,hard,acidic,pump_softener,3.06,pump_softener,3.06,0.0
281,81,1169,5.28,34,house,1,14,normal,high,hard,acidic,pump_softener,1.2,pump_softener,1.2,0.0
282,20,293,4.21,43,house,1,14,normal,low,moderate,acidic,pump_softener,5.2,pump_softener,5.2,0.0
283,69,41,7.61,50,house,1,14,normal,medium,soft,alkaline,pump_on,8.2,pump_off,6.0,2.2
284,28,1257,4.06,32,college,5,14,normal,low,hard,acidic,pump_softener,4.08,pump_softener,4.08,0.0
285,89,1428,8.26,18,house,1,14,normal,high,hard,alkaline,pump_softener,0.2,pump_softener,0.2,0.0
286,44,1515,4.06,32,complex,4,14,normal,medium,hard,acidic,pump_softener,2.808,pump_softener,2.808,0.0
287,19,1576,5.25,25,college,2,14,normal,low,hard,acidic,pump_softener,2.448,pump_softener,2.448,0.0
288,86,1190,6.05,22,urban,1,14,normal,high,hard,acidic,pump_softener,2.4,pump_softener,2.4,0.0
289,58,575,7.15,6,urban,4,14,normal,medium,hard,neutral,pump_softener,-2.88,pump_softener,-2.88,0.0
290,73,209,8.2,33,college,1,14,normal,high,moderate,alkaline,pump_on,27.54,pump_off,6.8,20.74
291,29,1111,4.36,10,house,3,14,normal,low,hard,acidic,pump_softener,1.8,pump_softener,1.8,0.0
292,30,1344,7.67,44,complex,5,14,normal,medium,hard,alkaline,pump_softener,0.52,pump_softener,0.52,0.0
293,84,776,8.06,10,urban,1,14,normal,high,hard,alkaline,pump_softener,0.4,pump_softener,0.4,0.0
294,63,1521,6.49,32,house,2,14,normal,medium,hard,acidic,pump_softener,1.44,pump_softener,1.44,0.0
295,30,1487,7.53,9,complex,3,14,normal,medium,hard,alkaline,pump_softener,0.39,pump_softener,0.39,0.0
296,38,1259,8.1,26,urban,4,14,normal,medium,hard,alkaline,pump_softener,0.72,pump_softener,0.72,0.0
297,76,1770,6.0,41,college,2,14,normal,high,hard,acidic,pump_softener,2.448,pump_softener,2.448,0.0
298,26,1121,6.52,21,house,4,14,normal,low,hard,neutral,pump_softener,-1.44,pump_softener,-1.44,0.0
299,74,422,4.28,47,house,1,14,normal,high,hard,acidic,pump_softener,1.2,pump_softener,1.2,0.0
300,47,1117,6.18,15,house,1,14,normal,medium,hard,acidic,pump_softener,1.2,pump_softener,1.2,0.0
301,75,935,6.89,45,house,1,14,normal,high,hard,neutral,pump_softener,-0.8,pump_softener,-0.8,0.0
302,90,244,6.76,24,house,3,14,normal,high,moderate,neutral,pump_on,21.3,pump_softener,4.8,16.5
303,88,1382,7.48,15,urban,5,14,normal,high,hard,neutral,pump_softener,-3.2,pump_softener,-3.2,0.0
304,47,943,6.33,31,house,4,14,normal,medium,hard,acidic,pump_softener,2.16,pump_softener,2.16,0.0
305,95,949,7.4,47,house,2,14,normal,high,hard,neutral,pump_softener,-0.96,pump_softener,-0.96,0.0
306,77,1598,8.58,45,complex,2,14,normal,high,hard,alkaline,pump_softener,0.312,pump_softener,0.312,0.0
307,52,1087,5.55,43,complex,2,14,normal,medium,hard,acidic,pump_softener,1.872,pump_softener,1.872,0.0
308,43,142,5.84,6,house,2,14,normal,medium,softened,acidic,pump_on,11.04,pump_off,7.2,3.84
309,54,1808,8.58,13,college,3,14,normal,medium,hard,alkaline,pump_softener,0.51,pump_softener,0.51,0.0
310,45,1265,8.08,37,college,4,14,normal,medium,hard,alkaline,pump_softener,0.612,pump_softener,0.612,0.0
311,81,1169,5.26,5,house,5,14,normal,high,hard,acidic,pump_softener,2.4,pump_softener,2.4,0.0
312,54,1814,4.21,11,complex,1,14,normal,medium,hard,acidic,pump_softener,1.56,pump_softener,1.56,0.0
313,47,370,8.48,13,college,2,14,normal,medium,hard,alkaline,pump_softener,0.408,pump_softener,0.408,0.0
314,48,1806,8.22,46,urban,4,14,normal,medium,hard,alkaline,pump_softener,0.72,pump_softener,0.72,0.0
315,85,1689,5.71,25,college,1,14,normal,high,hard,acidic,pump_softener,2.04,pump_softener,2.04,0.0
316,45,1154,7.71,12,house,2,14,normal,medium,hard,alkaline,pump_softener,0.24,pump_softener,0.24,0.0
317,36,1150,4.49,16,college,3,14,normal,medium,hard,acidic,pump_softener,3.06,pump_softener,3.06,0.0
318,51,1422,8.1,45,college,1,14,normal,medium,hard,alkaline,pump_softener,0.34,pump_softener,0.34,0.0
319,63,1805,6.48,47,urban,5,14,normal,medium,hard,acidic,pump_softener,4.8,pump_softener,4.8,0.0
320,88,1943,7.43,32,college,4,14,normal,high,hard,neutral,pump_softener,-2.448,pump_softener,-2.448,0.0
321,56,291,8.29,11,complex,4,14,normal,medium,moderate,alkaline,pump_on,26.208,pump_softener,9.828,16.38
322,66,1681,6.41,23,house,4,14,normal,medium,hard,acidic,pump_softener,2.16,pump_softener,2.16,0.0
323,48,1277,7.09,33,house,1,14,normal,medium,hard,neutral,pump_softener,-0.8,pump_softener,-0.8,0.0
324,81,1565,6.4,44,house,5,14,normal,high,hard,acidic,pump_softener,2.4,pump_softener,2.4,0.0
325,24,185,4.45,35,complex,2,14,normal,low,softened,acidic,pump_on,9.672,pump_on,9.672,0.0
326,91,71,5.86,42,house,3,14,normal,high,soft,acidic,pump_on,21.3,pump_off,6.0,15.3
327,67,660,6.11,46,complex,2,14,normal,medium,hard,acidic,pump_softener,1.872,pump_softener,1.872,0.0
328,69,184,8.48,25,urban,2,14,normal,medium,softened,alkaline,pump_on,19.68,pump_off,14.4,5.28
329,64,426,7.15,29,college,4,14,normal,medium,hard,neutral,pump_softener,-2.448,pump_softener,-2.448,0.0
330,45,1617,6.4,15,complex,5,14,normal,medium,hard,acidic,pump_softener,3.12,pump_softener,3.12,0.0
331,34,475,6.8,49,house,5,14,normal,medium,hard,neutral,pump_softener,-1.6,pump_softener,-1.6,0.0
332,55,614,8.32,35,college,2,14,normal,medium,hard,alkaline,pump_softener,0.408,pump_softener,0.408,0.0
333,72,1529,6.87,26,complex,4,14,normal,high,hard,neutral,pump_softener,-1.872,pump_softener,-1.872,0.0
334,74,432,4.33,44,complex,5,14,normal,high,hard,acidic,pump_softener,3.12,pump_softener,3.12,0.0
335,16,114,4.09,31,house,1,14,normal,low,soft,acidic,pump_on,6.2,pump_on,6.2,0.0
336,49,666,4.86,5,college,3,14,normal,medium,hard,acidic,pump_softener,3.06,pump_softener,3.06,0.0
337,72,581,8.16,20,college,5,14,normal,high,hard,alkaline,pump_softener,0.68,pump_softener,0.68,0.0
338,53,505,4.26,8,urban,1,14,normal,medium,hard,acidic,pump_softener,2.4,pump_softener,2.4,0.0
339,54,1708,5.08,32,college,3,14,normal,medium,hard,acidic,pump_softener,3.06,pump_softener,3.06,0.0
340,58,1122,4.21,27,complex,3,14,normal,medium,hard,acidic,pump_softener,2.34,pump_softener,2.34,0.0
341,41,1503,8.98,12,complex,3,14,normal,medium,hard,alkaline,pump_softener,0.39,pump_softener,0.39,0.0
342,41,93,5.33,13,complex,1,14,normal,medium,soft,acidic,pump_on,11.96,pump_off,7.8,4.16
343,18,97,8.33,37,house,5,14,normal,low,soft,alkaline,pump_on,10.4,pump_on,10.4,0.0
344,93,354,6.45,30,house,1,14,normal,high,hard,acidic,pump_softener,1.2,pump_softener,1.2,0.0
345,15,945,7.3,39,complex,2,14,normal,low,hard,neutral,pump_softener,-1.248,pump_softener,-1.248,0.0
346,88,1488,5.74,18,house,4,14,normal,high,hard,acidic,pump_softener,2.16,pump_softener,2.16,0.0
347,81,281,6.02,46,college,2,14,normal,high,moderate,acidic,pump_on,35.088,pump_off,8.16,26.928
348,67,1500,4.96,31,house,3,14,normal,medium,hard,acidic,pump_softener,1.8,pump_softener,1.8,0.0
349,75,798,7.83,50,house,5,14,normal,high,hard,alkaline,pump_softener,0.4,pump_softener,0.4,0.0
350,54,1557,8.74,7,complex,2,14,normal,medium,hard,alkaline,pump_softener,0.312,pump_softener,0.312,0.0
351,68,1410,6.39,50,urban,1,14,normal,medium,hard,acidic,pump_softener,2.4,pump_softener,2.4,0.0
352,30,678,8.3,34,urban,3,14,normal,medium,hard,alkaline,pump_softener,0.6,pump_softener,0.6,0.0
353,48,1017,6.95,30,college,2,14,normal,medium,hard,neutral,pump_softener,-1.632,pump_softener,-1.632,0.0
354,19,1910,7.44,20,house,1,14,normal,low,hard,neutral,pump_softener,-0.8,pump_softener,-0.8,0.0
355,19,1222,4.11,37,urban,1,14,normal,low,hard,acidic,pump_softener,2.4,pump_softener,2.4,0.0
356,53,996,6.59,14,house,5,14,normal,medium,hard,neutral,pump_softener,-1.6,pump_softener,-1.6,0.0
357,22,178,5.35,43,complex,5,14,normal,low,softened,acidic,pump_on,16.12,pump_on,16.12,0.0
358,65,1086,5.4,19,house,3,14,normal,medium,hard,acidic,pump_softener,1.8,pump_softener,1.8,0.0
359,66,1019,5.36,27,urban,2,14,normal,medium,hard,acidic,pump_softener,2.88,pump_softener,2.88,0.0
360,82,1828,6.0,5,college,1,14,normal,high,hard,acidic,pump_softener,2.04,pump_softener,2.04,0.0
361,14,1721,8.89,25,college,2,14,normal,low,hard,alkaline,pump_softener,0.408,pump_softener,0.408,0.0
362,16,1693,6.3,32,college,1,14,normal,low,hard,acidic,pump_softener,2.04,pump_softener,2.04,0.0
363,22,1951,7.55,49,complex,1,14,normal,low,hard,alkaline,pump_softener,0.26,pump_softener,0.26,0.0
364,76,499,4.71,10,urban,2,14,normal,high,hard,acidic,pump_softener,2.88,pump_softener,2.88,0.0
365,79,903,4.09,48,house,1,14,normal,high,hard,acidic,pump_softener,1.2,pump_softener,1.2,0.0
366,34,1439,4.07,43,complex,3,14,normal,medium,hard,acidic,pump_softener,2.34,pump_softener,2.34,0.0
367,64,1107,5.45,44,house,5,14,normal,medium,hard,acidic,pump_softener,2.4,pump_softener,2.4,0.0
368,82,1496,7.96,12,urban,5,14,normal,high,hard,alkaline,pump_softener,0.8,pump_softener,0.8,0.0
369,77,381,5.94,11,complex,1,14,normal,high,hard,acidic,pump_softener,1.56,pump_softener,1.56,0.0
370,19,1559,5.72,40,urban,3,14,normal,low,hard,acidic,pump_softener,3.6,pump_softener,3.6,0.0
371,85,1829,4.38,30,complex,1,14,normal,high,hard,acidic,pump_softener,1.56,pump_softener,1.56,0.0
372,39,1674,7.18,13,complex,5,14,normal,medium,hard,neutral,pump_softener,-2.08,pump_softener,-2.08,0.0
373,25,918,4.52,35,house,3,14,normal,low,hard,acidic,pump_softener,1.8,pump_softener,1.8,0.0
374,19,474,6.48,10,complex,1,14,normal,low,hard,acidic,pump_softener,1.56,pump_softener,1.56,0.0
375,60,613,4.18,44,college,1,14,normal,medium,hard,acidic,pump_softener,2.04,pump_softener,2.04,0.0
376,15,1227,8.25,32,house,1,14,normal,low,hard,alkaline,pump_softener,0.2,pump_softener,0.2,0.0
377,79,1641,4.35,49,house,2,14,normal,high,hard,acidic,pump_softener,1.44,pump_softener,1.44,0.0
378,16,1630,8.66,8,college,3,14,normal,low,hard,alkaline,pump_softener,0.51,pump_softener,0.51,0.0
379,39,1342,5.76,46,house,5,14,normal,medium,hard,acidic,pump_softener,2.4,pump_softener,2.4,0.0
380,26,1900,6.12,22,house,4,14,normal,low,hard,acidic,pump_softener,2.16,pump_softener,2.16,0.0
381,69,1773,7.69,12,house,2,14,normal,medium,hard,alkaline,pump_softener,0.24,pump_softener,0.24,0.0
382,88,1350,7.79,15,urban,1,14,normal,high,hard,alkaline,pump_softener,0.4,pump_softener,0.4,0.0
383,24,976,8.81,21,urban,3,14,normal,low,hard,alkaline,pump_softener,0.6,pump_softener,0.6,0.0
384,35,755,5.74,26,urban,1,14,normal,medium,hard,acidic,pump_softener,2.4,pump_softener,2.4,0.0
385,76,1169,5.99,44,house,5,14,normal,high,hard,acidic,pump_softener,2.4,pump_softener,2.4,0.0
386,79,1313,5.01,23,college,4,14,normal,high,hard,acidic,pump_softener,3.672,pump_softener,3.672,0.0
387,17,1602,8.08,34,house,2,14,normal,low,hard,alkaline,pump_softener,0.24,pump_softener,0.24,0.0
388,95,302,7.49,32,house,2,14,normal,high,hard,neutral,pump_softener,-0.96,pump_softener,-0.96,0.0
389,70,1794,8.29,5,house,3,14,normal,high,hard,alkaline,pump_softener,0.3,pump_softener,0.3,0.0
390,53,1219,4.5,50,house,3,14,normal,medium,hard,acidic,pump_softener,1.8,pump_softener,1.8,0.0
391,14,1657,5.47,33,urban,2,14,normal,low,hard,acidic,pump_softener,2.88,pump_softener,2.88,0.0
392,45,275,5.18,13,urban,3,14,normal,medium,moderate,acidic,pump_on,36.6,pump_softener,15.6,21.0
393,94,640,6.22,23,college,5,14,normal,high,hard,acidic,pump_softener,4.08,pump_softener,4.08,0.0
394,74,1691,7.08,47,urban,3,14,normal,high,hard,neutral,pump_softener,-2.4,pump_softener,-2.4,0.0
395,95,1422,8.36,14,complex,1,14,normal,high,hard,alkaline,pump_softener,0.26,pump_softener,0.26,0.0
396,28,1428,4.17,22,urban,4,14,normal,low,hard,acidic,pump_softener,4.32,pump_softener,4.32,0.0
397,58,614,8.12,21,urban,5,14,normal,medium,hard,alkaline,pump_softener,0.8,pump_softener,0.8,0.0
398,85,1642,6.54,20,house,2,14,normal,high,hard,neutral,pump_softener,-0.96,pump_softener,-0.96,0.0
399,81,154,6.25,31,college,5,14,normal,high,softened,acidic,pump_on,48.28,pump_off,13.6,34.68
400,44,477,6.92,34,house,1,14,normal,medium,hard,neutral,pump_softener,-0.8,pump_softener,-0.8,0.0
401,47,178,8.43,41,urban,3,14,normal,medium,softened,alkaline,pump_on,24.6,pump_off,18.0,6.6
402,58,1916,7.13,35,urban,4,14,normal,medium,hard,neutral,pump_softener,-2.88,pump_softener,-2.88,0.0
403,44,399,7.29,23,complex,3,14,normal,medium,hard,neutral,pump_softener,-1.56,pump_softener,-1.56,0.0
404,19,1269,4.83,26,complex,4,14,normal,low,hard,acidic,pump_softener,2.808,pump_softener,2.808,0.0
405,26,349,4.07,12,house,2,14,normal,low,hard,acidic,pump_softener,1.44,pump_softener,1.44,0.0
406,55,1665,4.69,18,house,3,14,normal,medium,hard,acidic,pump_softener,1.8,pump_softener,1.8,0.0
407,93,162,6.18,8,urban,2,14,normal,high,softened,acidic,pump_on,34.08,pump_off,9.6,24.48
408,56,526,6.4,46,urban,5,14,normal,medium,hard,acidic,pump_softener,4.8,pump_softener,4.8,0.0
409,13,1121,5.35,39,complex,4,14,normal,low,hard,acidic,pump_softener,2.808,pump_softener,2.808,0.0
410,16,322,5.11,31,complex,4,14,normal,low,hard,acidic,pump_softener,2.808,pump_softener,2.808,0.0
411,14,1171,4.87,25,house,1,14,normal,low,hard,acidic,pump_softener,1.2,pump_softener,1.2,0.0
412,70,1557,5.29,18,complex,5,14,normal,high,hard,acidic,pump_softener,3.12,pump_softener,3.12,0.0
413,79,467,5.12,39,complex,4,14,normal,high,hard,acidic,pump_softener,2.808,pump_softener,2.808,0.0
414,70,1758,7.91,46,urban,2,14,normal,high,hard,alkaline,pump_softener,0.48,pump_softener,0.48,0.0
415,78,365,7.36,44,college,2,14,normal,high,hard,neutral,pump_softener,-1.632,pump_softener,-1.632,0.0
416,78,1728,7.72,25,urban,2,14,normal,high,hard,alkaline,pump_softener,0.48,pump_softener,0.48,0.0
417,77,82,7.87,28,complex,3,14,normal,high,soft,alkaline,pump_on,25.74,pump_off,7.8,17.94
418,26,668,6.81,45,college,1,14,normal,low,hard,neutral,pump_softener,-1.36,pump_softener,-1.36,0.0
419,48,1233,8.91,6,house,5,14,normal,medium,hard,alkaline,pump_softener,0.4,pump_softener,0.4,0.0
420,54,946,6.71,6,urban,3,14,normal,medium,hard,neutral,pump_softener,-2.4,pump_softener,-2.4,0.0
421,14,1213,8.17,32,urban,2,14,normal,low,hard,alkaline,pump_softener,0.48,pump_softener,0.48,0.0
422,23,1049,5.21,33,house,5,14,normal,low,hard,acidic,pump_softener,2.4,pump_softener,2.4,0.0
423,38,259,5.83,34,urban,4,14,normal,medium,moderate,acidic,pump_on,43.92,pump_softener,18.72,25.2
424,11,649,8.07,5,college,3,14,normal,low,hard,alkaline,pump_softener,0.51,pump_softener,0.51,0.0
425,17,653,5.3,34,complex,4,14,normal,low,hard,acidic,pump_softener,2.808,pump_softener,2.808,0.0
426,89,779,8.14,16,house,5,14,normal,high,hard,alkaline,pump_softener,0.4,pump_softener,0.4,0.0
427,91,1646,4.87,8,college,5,14,normal,high,hard,acidic,pump_softener,4.08,pump_softener,4.08,0.0
428,43,1602,8.59,15,college,2,14,normal,medium,hard,alkaline,pump_softener,0.408,pump_softener,0.408,0.0
429,32,1247,8.33,42,house,2,14,normal,medium,hard,alkaline,pump_softener,0.24,pump_softener,0.24,0.0
430,85,1448,8.58,6,urban,5,14,normal,high,hard,alkaline,pump_softener,0.8,pump_softener,0.8,0.0
431,45,1737,5.35,50,house,3,14,normal,medium,hard,acidic,pump_softener,1.8,pump_softener,1.8,0.0
432,78,1014,7.01,20,urban,3,14,normal,high,hard,neutral,pump_softener,-2.4,pump_softener,-2.4,0.0
433,87,1467,8.33,10,urban,1,14,normal,high,hard,alkaline,pump_softener,0.4,pump_softener,0.4,0.0
434,43,95,4.93,47,complex,2,14,normal,medium,soft,acidic,pump_on,14.352,pump_off,9.36,4.992
435,24,1655,7.85,5,house,1,14,normal,low,hard,alkaline,pump_softener,0.2,pump_softener,0.2,0.0
436,19,762,6.16,6,urban,3,14,normal,low,hard,acidic,pump_softener,3.6,pump_softener,3.6,0.0
437,51,93,4.15,26,urban,1,14,normal,medium,soft,acidic,pump_on,18.4,pump_off,12.0,6.4
438,70,1208,7.72,6,house,5,14,normal,high,hard,alkaline,pump_softener,0.4,pump_softener,0.4,0.0
439,47,950,4.31,20,house,2,14,normal,medium,hard,acidic,pump_softener,1.44,pump_softener,1.44,0.0
440,19,1190,4.13,25,college,5,14,normal,low,hard,acidic,pump_softener,4.08,pump_softener,4.08,0.0
441,68,1782,5.46,49,urban,4,14,normal,medium,hard,acidic,pump_softener,4.32,pump_softener,4.32,0.0
442,92,274,8.56,6,house,3,14,normal,high,moderate,alkaline,pump_on,24.3,pump_off,6.0,18.3
443,10,1230,6.72,27,house,2,14,normal,low,hard,neutral,pump_softener,-0.96,pump_softener,-0.96,0.0
444,87,840,7.84,36,college,1,14,normal,high,hard,alkaline,pump_softener,0.34,pump_softener,0.34,0.0
445,19,657,7.78,30,house,1,14,normal,low,hard,alkaline,pump_softener,0.2,pump_softener,0.2,0.0
446,27,1725,5.53,12,college,3,14,normal,low,hard,acidic,pump_softener,3.06,pump_softener,3.06,0.0
447,35,1689,4.61,34,house,1,14,normal,medium,hard,acidic,pump_softener,1.2,pump_softener,1.2,0.0
448,41,1895,6.62,24,complex,4,14,normal,medium,hard,neutral,pump_softener,-1.872,pump_softener,-1.872,0.0
449,93,718,5.61,18,complex,4,14,normal,high,hard,acidic,pump_softener,2.808,pump_softener,2.808,0.0
450,51,1295,7.83,33,house,3,14,normal,medium,hard,alkaline,pump_softener,0.3,pump_softener,0.3,0.0
451,25,235,5.1,31,house,1,14,normal,low,moderate,acidic,pump_softener,5.2,pump_softener,5.2,0.0
452,54,1096,5.32,19,urban,1,14,normal,medium,hard,acidic,pump_softener,2.4,pump_softener,2.4,0.0
453,17,789,5.83,7,house,5,14,normal,low,hard,acidic,pump_softener,2.4,pump_softener,2.4,0.0
454,49,1841,6.82,31,house,3,14,normal,medium,hard,neutral,pump_softener,-1.2,pump_softener,-1.2,0.0
455,71,1141,6.73,32,college,5,14,normal,high,hard,neutral,pump_softener,-2.72,pump_softener,-2.72,0.0
456,80,131,5.41,45,urban,3,14,normal,high,softened,acidic,pump_on,42.6,pump_off,12.0,30.6
457,76,1734,4.08,13,urban,4,14,normal,high,hard,acidic,pump_softener,4.32,pump_softener,4.32,0.0
458,36,340,6.34,44,house,3,14,normal,medium,hard,acidic,pump_softener,1.8,pump_softener,1.8,0.0
459,74,1806,5.5,49,college,1,14,normal,high,hard,acidic,pump_softener,2.04,pump_softener,2.04,0.0
460,83,1577,5.56,21,complex,3,14,normal,high,hard,acidic,pump_softener,2.34,pump_softener,2.34,0.0
461,95,1617,6.25,32,house,1,14,normal,high,hard,acidic,pump_softener,1.2,pump_softener,1.2,0.0
462,30,954,7.34,17,urban,3,14,normal,medium,hard,neutral,pump_softener,-2.4,pump_softener,-2.4,0.0
463,89,1861,5.66,16,complex,5,14,normal,high,hard,acidic,pump_softener,3.12,pump_softener,3.12,0.0
464,88,767,5.18,34,college,5,14,normal,high,hard,acidic,pump_softener,4.08,pump_softener,4.08,0.0
465,91,1612,8.23,37,house,1,14,normal,high,hard,alkaline,pump_softener,0.2,pump_softener,0.2,0.0
466,58,817,7.05,13,complex,5,14,normal,medium,hard,neutral,pump_softener,-2.08,pump_softener,-2.08,0.0
467,73,526,6.91,34,college,5,14,normal,high,hard,neutral,pump_softener,-2.72,pump_softener,-2.72,0.0
468,13,325,4.61,41,college,1,14,normal,low,hard,acidic,pump_softener,2.04,pump_softener,2.04,0.0
469,74,1375,4.63,36,complex,1,14,normal,high,hard,acidic,pump_softener,1.56,pump_softener,1.56,0.0
470,47,1771,4.35,43,house,1,14,normal,medium,hard,acidic,pump_softener,1.2,pump_softener,1.2,0.0
471,84,1264,6.2,19,urban,2,14,normal,high,hard,acidic,pump_softener,2.88,pump_softener,2.88,0.0
472,47,1793,6.82,44,urban,4,14,normal,medium,hard,neutral,pump_softener,-2.88,pump_softener,-2.88,0.0
473,26,1370,4.55,27,college,5,14,normal,low,hard,acidic,pump_softener,4.08,pump_softener,4.08,0.0
474,95,1722,7.09,8,house,1,14,normal,high,hard,neutral,pump_softener,-0.8,pump_softener,-0.8,0.0
475,92,283,8.15,19,college,5,14,normal,high,moderate,alkaline,pump_on,55.08,pump_off,13.6,41.48
476,59,87,5.38,20,house,2,14,normal,medium,soft,acidic,pump_on,11.04,pump_off,7.2,3.84
477,90,1751,7.86,5,complex,3,14,normal,high,hard,alkaline,pump_softener,0.39,pump_softener,0.39,0.0
478,44,416,4.07,20,house,3,14,normal,medium,hard,acidic,pump_softener,1.8,pump_softener,1.8,0.0
479,28,916,7.94,47,college,1,14,normal,low,hard,alkaline,pump_softener,0.34,pump_softener,0.34,0.0
480,63,1114,6.8,16,urban,5,14,normal,medium,hard,neutral,pump_softener,-3.2,pump_softener,-3.2,0.0
481,54,111,6.11,21,college,1,14,normal,medium,soft,acidic,pump_on,15.64,pump_off,10.2,5.44
482,70,199,5.75,41,house,4,14,normal,high,softened,acidic,pump_on,25.56,pump_off,7.2,18.36
483,91,598,8.04,45,house,1,14,normal,high,hard,alkaline,pump_softener,0.2,pump_softener,0.2,0.0
484,36,1313,4.97,18,college,2,14,normal,medium,hard,acidic,pump_softener,2.448,pump_softener,2.448,0.0
485,19,1619,4.97,40,house,2,14,normal,low,hard,acidic,pump_softener,1.44,pump_softener,1.44,0.0
486,15,1802,5.14,40,college,5,14,normal,low,hard,acidic,pump_softener,4.08,pump_softener,4.08,0.0
487,56,1540,6.02,11,college,1,14,normal,medium,hard,acidic,pump_softener,2.04,pump_softener,2.04,0.0
488,20,1401,7.03,38,urban,2,14,normal,low,hard,neutral,pump_softener,-1.92,pump_softener,-1.92,0.0
489,57,754,5.56,28,college,5,14,normal,medium,hard,acidic,pump_softener,4.08,pump_softener,4.08,0.0
490,26,1405,8.45,5,house,3,14,normal,low,hard,alkaline,pump_softener,0.3,pump_softener,0.3,0.0
491,54,768,5.91,30,urban,1,14,normal,medium,hard,acidic,pump_softener,2.4,pump_softener,2.4,0.0
492,64,950,7.1,20,house,1,14,normal,medium,hard,neutral,pump_softener,-0.8,pump_softener,-0.8,0.0
493,40,1882,5.19,22,house,3,14,normal,medium,hard,acidic,pump_softener,1.8,pump_softener,1.8,0.0
494,95,1810,6.9,10,urban,1,14,normal,high,hard,neutral,pump_softener,-1.6,pump_softener,-1.6,0.0
495,82,276,4.17,40,urban,5,14,normal,high,moderate,acidic,pump_on,68.8,pump_off,16.0,52.8
496,67,878,8.81,29,college,2,14,normal,medium,hard,alkaline,pump_softener,0.408,pump_softener,0.408,0.0
497,56,705,7.43,34,complex,2,14,normal,medium,hard,neutral,pump_softener,-1.248,pump_softener,-1.248,0.0
498,46,1637,8.54,40,college,4,14,normal,medium,hard,alkaline,pump_softener,0.612,pump_softener,0.612,0.0
499,61,997,7.25,46,complex,4,14,normal,medium,hard,neutral,pump_softener,-1.872,pump_softener,-1.872,0.0
500,45,1879,7.47,43,urban,4,14,normal,medium,hard,neutral,pump_softener,-2.88,pump_softener,-2.88,0.0
